horizon,horizon_num,horizon_minutes,p_05,p_10,p_15,p_20,p_25,p_30,p_35,p_40,p_45,p_50,p_55,p_60,p_65,p_70,p_75,p_80,p_85,p_90,p_95,clear_sky,deterministic
2025-09-19 18:45:00+00:00,0,15,,,,,,,,,,,,,,,,,,,,,
2025-09-19 19:00:00+00:00,1,30,,,,,,,,,,,,,,,,,,,,,
2025-09-19 19:15:00+00:00,2,45,,,,,,,,,,,,,,,,,,,,,
2025-09-19 19:30:00+00:00,3,60,,,,,,,,,,,,,,,,,,,,,
2025-09-19 19:45:00+00:00,4,75,,,,,,,,,,,,,,,,,,,,,
2025-09-19 20:00:00+00:00,5,90,,,,,,,,,,,,,,,,,,,,,
2025-09-19 20:15:00+00:00,6,105,,,,,,,,,,,,,,,,,,,,,
2025-09-19 20:30:00+00:00,7,120,,,,,,,,,,,,,,,,,,,,,
2025-09-19 20:45:00+00:00,8,135,,,,,,,,,,,,,,,,,,,,,
2025-09-19 21:00:00+00:00,9,150,,,,,,,,,,,,,,,,,,,,,
2025-09-19 21:15:00+00:00,10,165,,,,,,,,,,,,,,,,,,,,,
2025-09-19 21:30:00+00:00,11,180,,,,,,,,,,,,,,,,,,,,,
2025-09-19 21:45:00+00:00,12,195,,,,,,,,,,,,,,,,,,,,,
2025-09-19 22:00:00+00:00,13,210,,,,,,,,,,,,,,,,,,,,,
2025-09-19 22:15:00+00:00,14,225,,,,,,,,,,,,,,,,,,,,,
2025-09-19 22:30:00+00:00,15,240,,,,,,,,,,,,,,,,,,,,,
2025-09-19 22:45:00+00:00,16,255,,,,,,,,,,,,,,,,,,,,,
2025-09-19 23:00:00+00:00,17,270,,,,,,,,,,,,,,,,,,,,,
2025-09-19 23:15:00+00:00,18,285,,,,,,,,,,,,,,,,,,,,,
2025-09-19 23:30:00+00:00,19,300,,,,,,,,,,,,,,,,,,,,,
2025-09-19 23:45:00+00:00,20,315,,,,,,,,,,,,,,,,,,,,,
2025-09-20 00:00:00+00:00,21,330,,,,,,,,,,,,,,,,,,,,,
2025-09-20 00:15:00+00:00,22,345,,,,,,,,,,,,,,,,,,,,,
2025-09-20 00:30:00+00:00,23,360,,,,,,,,,,,,,,,,,,,,,
2025-09-20 00:45:00+00:00,24,375,,,,,,,,,,,,,,,,,,,,,
2025-09-20 01:00:00+00:00,25,390,,,,,,,,,,,,,,,,,,,,,
2025-09-20 01:15:00+00:00,26,405,,,,,,,,,,,,,,,,,,,,,
2025-09-20 01:30:00+00:00,27,420,,,,,,,,,,,,,,,,,,,,,
2025-09-20 01:45:00+00:00,28,435,,,,,,,,,,,,,,,,,,,,,
2025-09-20 02:00:00+00:00,29,450,,,,,,,,,,,,,,,,,,,,,
2025-09-20 02:15:00+00:00,30,465,,,,,,,,,,,,,,,,,,,,,
2025-09-20 02:30:00+00:00,31,480,,,,,,,,,,,,,,,,,,,,,
2025-09-20 02:45:00+00:00,32,495,,,,,,,,,,,,,,,,,,,,,
2025-09-20 03:00:00+00:00,33,510,,,,,,,,,,,,,,,,,,,,,
2025-09-20 03:15:00+00:00,34,525,,,,,,,,,,,,,,,,,,,,,
2025-09-20 03:30:00+00:00,35,540,,,,,,,,,,,,,,,,,,,,,
2025-09-20 03:45:00+00:00,36,555,,,,,,,,,,,,,,,,,,,,,
2025-09-20 04:00:00+00:00,37,570,,,,,,,,,,,,,,,,,,,,,
2025-09-20 04:15:00+00:00,38,585,,,,,,,,,,,,,,,,,,,,,
2025-09-20 04:30:00+00:00,39,600,,,,,,,,,,,,,,,,,,,,,
2025-09-20 04:45:00+00:00,40,615,,,,,,,,,,,,,,,,,,,,,
2025-09-20 05:00:00+00:00,41,630,,,,,,,,,,,,,,,,,,,,,
2025-09-20 05:15:00+00:00,42,645,,,,,,,,,,,,,,,,,,,,,
2025-09-20 05:30:00+00:00,43,660,,,,,,,,,,,,,,,,,,,,,
2025-09-20 05:45:00+00:00,44,675,,,,,,,,,,,,,,,,,,,,,
2025-09-20 06:00:00+00:00,45,690,,,,,,,,,,,,,,,,,,,,,
2025-09-20 06:15:00+00:00,46,705,23.69552250691745,29.93535888738854,34.00422740770273,38.3319837523637,41.39615500725534,46.02230850975554,49.503149776830085,56.70521437530172,64.19256353736557,73.72220986174555,78.88470181998558,84.05876835820118,92.13113596024955,97.61280456974276,107.64380754470454,121.16697257334059,149.92911514844795,189.06894546610428,227.10944816075144,260.3771865214055,85.27380856601792
2025-09-20 06:30:00+00:00,47,720,89.98149196070355,108.38099228286654,124.60859541511117,134.69220969001103,150.9487706094873,163.4911428167666,186.2086035310444,210.22027980226966,238.2141219788509,252.55765147803413,268.22333231148235,289.96223720879203,305.88290351178614,325.3666574338628,364.4949915713416,401.29468772595925,524.117910196034,679.524386604968,916.0782232497032,1094.5348822539459,285.37040971282033
2025-09-20 06:45:00+00:00,48,735,180.0311221112522,222.9595453978747,244.41028318131586,261.1212658233299,289.796395775272,307.21261783177044,340.08840551570546,396.82695030794764,439.83715529496726,472.6927793492177,502.63797829296425,543.5387751471861,584.6185297458587,626.0514371085669,712.7034025144769,835.5640224469898,1021.7417014608152,1314.0257203786139,1649.4666136734959,2165.887272344007,539.3113751769679
2025-09-20 07:00:00+00:00,49,750,297.312163740991,359.6252989420876,388.31269489512636,413.3207104329067,444.8922207247511,464.8401734927371,534.4223200527578,617.2522350946304,697.996063154525,752.1260177536669,796.0279351279363,862.4491464371431,905.9980971418963,968.3778818393494,1087.8851596345055,1262.575108749744,1506.130162873465,1968.3917512176681,2631.80582591381,3492.6497559345457,825.8690457035837
2025-09-20 07:15:00+00:00,50,765,419.59879033587004,476.7737700618331,531.3956404868818,583.8217823868046,627.0043913269765,736.9626925976511,854.8373338331342,939.7429057937641,984.8461658871988,1043.2799312887926,1097.6097242244405,1173.4059635885615,1244.7944674325863,1383.8103626831833,1603.6117188490402,1821.573458288366,2405.5544632302153,2969.511903993505,3786.367862591869,4896.4569686161685,1194.0078035503548
2025-09-20 07:30:00+00:00,51,780,509.6845221377285,588.6613052505494,659.6024199979445,713.2546718343731,791.7564322748541,977.7902272853942,1127.5437050714656,1204.3265111548637,1251.4695311028925,1314.2370578886225,1428.6630413173732,1510.025077845004,1705.2569972831357,1870.8544113745083,2152.185191620819,2507.5581013056117,3251.1327657215656,3813.4924843521203,4821.043851359973,6343.056393139718,1542.6465979548293
2025-09-20 07:45:00+00:00,52,795,573.76172580641,718.7850087876743,815.731005772294,1037.5096521084713,1180.37399460072,1332.8366596847786,1416.0777620491504,1492.9975582595212,1613.2086145121204,1717.7746344088278,1873.8008019062975,2095.0710486919966,2504.290532072357,2826.0821680441722,3164.938860747931,3867.99783299067,4314.145335757819,5263.922944878897,6021.780848984963,7781.3257532681855,2070.3003432039363
2025-09-20 08:00:00+00:00,53,810,827.6485012190925,985.0928293451573,1190.000009087237,1389.4503531310102,1550.7708220417185,1670.2990332666916,1738.238367631837,1844.968464333915,1985.2503061602667,2048.4433024158607,2264.8856801659076,2494.3135319977837,2834.7458207581312,3297.238057626964,3819.641765580872,4744.7001610471325,5266.020044994997,6288.2579507191895,7271.135857418652,9227.771533128345,2531.2175028796737
2025-09-20 08:15:00+00:00,54,825,974.5345563368561,1221.2588992609576,1378.0641201473813,1598.213732747761,1803.7397672885834,1910.0649264576773,1990.1281414167304,2093.1378544010295,2257.6204857594275,2369.6704333386797,2630.9831987717016,3307.3660895838584,3821.1571777898553,4443.646187830188,5262.1233584411675,5834.025092295048,6298.519378905045,7484.123554677604,9130.622888036707,10594.552890188466,3314.043124517599
2025-09-20 08:30:00+00:00,55,840,1013.7495263817775,1303.1801989226851,1550.0325257625593,1805.355987186097,1981.4071624376713,2135.491487739782,2297.250272524937,2467.417789104787,2705.739797128874,3086.944152834727,3922.3459263723753,4319.493098042074,4904.285350647037,5955.665710411657,6557.631985665141,7134.635517358446,8448.601053857215,9699.702423584851,11274.879550767992,11917.301624362492,4023.7927253648027
2025-09-20 08:45:00+00:00,56,855,985.41859505288,1429.6197612015085,1728.3030337329353,1965.103858783904,2101.291876454246,2269.7391050810593,2485.217093663144,2776.6618844850404,3150.564835093745,4274.355051090687,4779.950576249308,6017.529787546314,6656.8268839451175,7089.590597735097,8734.709123997238,9956.788247121125,10427.645244600444,11147.448226105944,12383.289566114687,12746.153708044842,4764.284320740428
2025-09-20 09:00:00+00:00,57,870,1349.6687963257991,1715.8443649842304,2024.5835390737818,2310.4090524466055,2718.359379825586,2967.2227397327606,3355.830286789644,4267.012506809594,4747.625905704761,5281.050639442472,6461.520341418598,6895.917385857247,8058.908831964174,8811.073976999489,10048.552821422209,10654.673302559813,11281.73471635474,11864.294282302484,12730.715050688075,12754.252855186305,5635.633939157826
2025-09-20 09:15:00+00:00,58,885,1610.7746462381197,2037.632317071004,2288.4221783833623,2601.3509704222674,2923.586747210319,3334.5180972660037,4145.873599235619,4840.847429215527,5547.48087610143,6627.617471459197,7708.040418104908,8602.090051116691,9179.913488021974,10149.017666731883,10684.29686623558,10961.75862396439,11498.564446670678,12027.877369935162,12861.646325542324,12723.281451039093,6533.528525845723
2025-09-20 09:30:00+00:00,59,900,1773.0910566736904,2256.4782640048056,2721.6215813596486,3072.2813985108623,3544.220738551399,4173.085163684658,4636.243799888931,5342.472982566299,5860.600232089373,6941.714539952109,8166.864949251238,8870.994830413001,9344.732460881562,10372.690722817018,10815.09419639025,11317.727531374614,11748.61882367662,12098.80321459563,12623.477279325336,12629.587444746829,6860.300762670235
2025-09-20 09:45:00+00:00,60,915,1803.0812305641405,2242.176703823489,2701.8657374917443,3057.0775414724603,3433.704720821993,3895.851779047961,4684.6181298199845,5277.189073144572,5655.847097253005,6616.047946173955,7331.558435491331,8364.381417324847,8880.810166991752,9880.943689245512,10539.431506343924,10965.899379851287,11513.891084535106,11872.749639990094,12480.536280160888,12519.08210156797,6782.749144591633
2025-09-20 10:00:00+00:00,61,930,1927.958497218218,2426.572767192092,2922.971914753481,3394.8471155694588,3809.3591297121584,4107.549123109637,4901.17133415867,5358.920646127987,5673.450824038159,6695.974904203776,7278.121478560288,8217.216659573553,8846.984380710031,9964.583434600243,10463.941527257613,10973.271704520843,11403.687096934415,11757.834906677681,12278.871951560664,12336.079056178605,6897.891330063544
2025-09-20 10:15:00+00:00,62,945,1941.9563837869225,2531.4244975282604,2922.988893969779,3415.2521952333195,3962.2655735272783,4633.670971003286,5380.578846413924,5744.051718781745,6505.408656239421,7104.634852230047,8064.472151334791,8611.211348977471,8906.102172544814,9947.576051205167,10298.573552029535,10725.906551959371,11094.237054162686,11328.161414338723,11906.608036351172,12138.694304116048,7046.33296279375
2025-09-20 10:30:00+00:00,63,960,2052.293618807245,2756.7088300804057,3271.7560960292703,3662.6006120840993,4244.821420971652,4991.677949321804,5629.914460610737,5962.604553888403,6646.125224957375,7291.448241384401,8312.581329048799,8675.779270862107,9478.452838470315,9894.405344097713,10235.93951770454,10631.41757698044,11001.162263622138,11293.93328661853,11733.952094719692,11907.828073927736,7229.27587444069
2025-09-20 10:45:00+00:00,64,975,2271.7385039364754,3207.200746528805,3662.24041615181,4245.690801001379,4882.931332838286,5568.157503439547,5913.502847730357,6623.163702820979,7145.317170209368,7883.7141783652805,8445.287612030585,9132.281224959563,9670.909070277561,10066.218047760862,10352.398526347682,10677.132133668769,10831.256538794189,11230.134854503798,11782.615818434124,11683.757263770758,7532.615198415544
2025-09-20 11:00:00+00:00,65,990,2966.281854210135,3777.215628782389,4288.229072806546,4855.581598803155,5378.522933793366,5759.850440096139,6643.407458573578,7105.055267595448,7970.085907836358,8438.23221795103,9122.946651498285,9393.617693259996,9772.181328537325,10007.12902041806,10262.985712392348,10463.924816973946,10791.37423940674,11104.91246193585,11707.45711922173,11510.238239333605,7962.192315465156
2025-09-20 11:15:00+00:00,66,1005,3158.9625720530075,4029.1518034482074,4770.767541279155,5482.537670355313,5891.49445160083,6697.6246203146575,7190.065629825798,7995.382118500039,8342.253356746489,9076.359502553658,9303.19928856749,9573.176491727358,9833.478630226486,10057.661635086806,10268.825703022963,10471.25164259097,10718.683287561213,10966.12538848519,11581.824266586502,11350.046075725993,8221.765333268171
2025-09-20 11:30:00+00:00,67,1020,3323.663180024205,4275.433333191208,4918.093936979579,5600.394950060778,5955.463179788775,6401.932639514492,7214.616075993224,7913.094434690183,8502.015129345362,8988.937302052856,9410.689359276046,9695.216227164747,9921.846895566252,10150.304868725658,10300.036741804992,10528.034564346048,10674.202241334076,10832.451133460034,11422.071148415154,11234.698938913007,8259.703752493735
2025-09-20 11:45:00+00:00,68,1035,3375.012066907918,4388.707874929425,5016.392342997832,5962.842521201656,6441.627310442691,7110.376362199371,7590.4949608098805,8300.359872772604,8902.344946244188,9379.882202645313,9662.052120103772,9834.743807059736,10058.668490824519,10207.354732601498,10358.777504157923,10535.404326200474,10690.518391459174,10814.04240316852,11216.659858757186,11219.213279948895,8459.529051307823
2025-09-20 12:00:00+00:00,69,1050,3708.576015650878,4563.191896369131,5432.982688186881,6070.963479658002,6691.743145662416,7165.895388935089,7736.547580293334,8667.744503980715,9101.741981114097,9521.219628522666,9720.61507491223,9958.581879690575,10124.209016817944,10299.20757558772,10480.761591058776,10625.36645852179,10770.458642794234,11007.292683795573,11493.760650531098,11252.42929987756,8591.24410438362
2025-09-20 12:15:00+00:00,70,1065,1852.3920105137672,2781.94941322443,3806.2184712531607,4814.777992190289,5594.4191377139505,6499.089458976594,7119.59804341342,8354.927572251383,9172.121402947188,9570.991290632583,9874.809123740792,9980.584818621488,10106.84891550345,10216.471296298501,10318.84989984266,10576.910196766945,10727.351543107463,10926.413790062878,11293.962878732638,11342.578102075955,8123.128573621688
2025-09-20 12:30:00+00:00,71,1080,3878.560237394538,4911.162133827147,5324.809495798985,5699.631606378476,6570.205919790242,6747.897846618037,6879.457155566213,7099.6247993232355,8327.29078926411,8764.222175801528,9105.060619780863,9203.294304151252,10562.17382780505,11717.490626060038,11783.625412958727,11882.731664992605,12047.983702244424,13040.37971076043,13386.394546141582,11414.523987832143,8959.79981549933
2025-09-20 12:45:00+00:00,72,1095,3611.0416606778895,5247.853683851711,6332.18649083445,6663.447389215761,6766.529133672858,7012.172558118793,7193.694350221746,8034.330721390109,8315.834132678734,8404.992816798487,8592.87209013549,8787.267356436138,9084.835074356753,9179.544897624095,10778.719425836962,11825.50184885899,11971.935842967441,12041.416639684274,13061.628100371825,11501.624448242641,8650.410327037753
2025-09-20 13:00:00+00:00,73,1110,5273.049199748058,5390.302521691819,5638.263383651402,6262.0922752424885,6621.479382943516,6791.808291987324,6987.111468463368,7894.6656499098235,7999.969159591787,8457.811507737784,8832.256398682905,9249.593121929835,9400.329554574255,9797.888488358165,10522.794487327017,10717.195345961107,10794.272521036115,12110.975670265863,12515.550311166791,11717.787017507548,8530.112237982425
2025-09-20 13:15:00+00:00,74,1125,4468.050015433699,5033.8878287793805,5380.65312464012,5711.741654039942,6484.755848778587,6716.164431665546,6844.356855909882,6995.895119103271,7530.359252431789,8071.243959076059,8519.461069933954,9041.26575598445,9407.342725302053,10120.270340805404,10225.247329023485,10796.732112602249,10985.67855813796,11518.524429028548,11765.169442855546,11859.485445116929,8241.969315338276
2025-09-20 13:30:00+00:00,75,1140,3930.759370818267,4205.330288299832,4677.682059989692,4810.898795639308,5892.639694250334,6002.052988802439,6156.8776975534165,6602.362110851481,7406.548426326517,8498.92741969211,8626.720568478935,8838.927249452687,9725.684172755387,10413.094377543452,10695.454386402997,11494.281397717656,11626.703469450631,12091.594335170828,12576.617186203399,12128.889259389733,8268.374232379958
2025-09-20 13:45:00+00:00,76,1155,2315.7390580207452,2717.597396392346,3397.8891083242006,3926.093366990732,4645.088980293939,5399.053244368085,5600.691006254523,5968.135483362813,6759.394948772407,7208.994200604416,7739.515371193548,8225.863474399492,8378.438588300787,9187.330521616002,9909.17211034354,10162.448930047985,11095.473294868973,12090.47937268682,12281.342076434721,12285.265363149041,7243.697209861752
2025-09-20 14:00:00+00:00,77,1170,1071.7897754270243,2031.5277421563753,2422.9859531059983,3070.7875633671356,3387.26285878445,4647.36332915187,4930.516647115451,5930.208500794325,6706.856204136434,7132.5624827677175,7426.130186947637,8484.793432047354,9601.565902818833,9757.745391900082,10521.802706701368,10702.91659975972,10794.959656651914,11064.325281159345,12829.394901836622,12400.322754897477,6828.644055854882
2025-09-20 14:15:00+00:00,78,1185,1265.7670494937274,2050.3606629313535,2627.5257381392817,3260.1286605166483,4394.342389657058,4706.753364750616,5471.1718567074495,6424.50387536281,6990.973203659814,7285.788394950272,9081.405402415145,9242.875738109768,10381.39211624322,10709.386144607894,10840.463923869633,11507.378182358376,12029.325378364796,12232.356873742277,12910.477179017906,12547.674562628907,7268.768202756597
2025-09-20 14:30:00+00:00,79,1200,808.9882492417843,1465.5702971317307,1967.9615610577164,2235.3420337202806,3658.4117144133484,5367.404160592309,6328.910243106518,6903.214686499737,8826.345300275869,10094.35573492299,10358.824675406357,10512.050606267621,10780.877202055355,11055.098245412719,11185.453923422387,11404.839064055739,11698.509712096762,11953.336790557294,12669.288310434105,12784.741904568462,7333.139968171327
2025-09-20 14:45:00+00:00,80,1215,801.3684355843659,1328.603381094797,1555.3699285309574,1871.056623831475,2361.269919968612,3404.0109059728743,4048.7282802055697,5547.027819803557,6514.128695615824,6911.034662932351,8668.898439027262,9566.996384443373,10296.14997795146,10510.688261087427,10924.077402357168,11081.693601165112,11333.812058719663,12007.519936276773,13012.754103098801,12850.973061067494,6458.916564229233
2025-09-20 15:00:00+00:00,81,1230,837.8002282784583,1295.011734114812,1559.0014930808127,1816.7345066886749,2087.8035692364374,2848.9241561233903,3186.419017380496,3818.087315086115,4808.900899859118,5301.938629360239,6325.3726102989285,6720.97991586724,8629.185018025833,9459.339750658393,10063.808671243796,10358.950775366433,10838.253908699839,11617.821613415153,12848.07924024233,12846.852057312868,5334.371783262857
2025-09-20 15:15:00+00:00,82,1245,1112.8351706483502,1384.938797044857,1593.9655712289157,2221.0817789633234,2765.4483728553805,3079.733269495358,3887.9009877149565,4021.3431559358805,4414.049565740997,5133.638330369535,5990.220526043132,6586.131699583074,8071.300588529977,9016.159707449902,9468.501636050727,10473.43982768906,10940.134482935337,11840.216233597948,12837.705859099851,12795.58696823079,5406.703536688226
2025-09-20 15:30:00+00:00,83,1260,914.1220697703816,1287.8032423106208,1511.8403025132338,1786.2577437619136,2079.570839593521,2475.313114192445,2690.2672235494374,2971.0918587821325,3846.2875399344907,4128.005220451169,4550.100000878977,4984.081666371123,5833.090716153707,6512.419465187453,7487.057745673204,8505.126447425724,8934.007756574478,9752.739660442667,10937.259748687791,11992.177925693546,4397.740073362128
2025-09-20 15:45:00+00:00,84,1275,659.4750278517643,845.7766252424378,1118.6118356467503,1340.3537176662387,1639.7249743793948,1818.3493127959773,2086.4441658976675,2201.224232561631,2420.1641835101263,2743.305247828837,3355.7266491023815,3869.895139858329,4276.260694394842,4740.714163761915,5922.610320339175,7081.555475936848,7555.769035535593,7961.878690441362,9227.027596422182,10757.880308777492,3376.334636824943
2025-09-20 16:00:00+00:00,85,1290,453.8764593667478,674.0399109529092,919.0613607614476,1157.1809430000937,1430.1544182871637,1567.4015510312445,1833.172142341426,2021.423547699091,2410.6303419910846,2875.704683663153,3220.0212787279092,3674.030044003861,4627.143041387331,5010.279395541709,5577.699000602308,6202.641496966864,6533.209993762415,6937.583258284177,8087.464603336488,9520.908330080887,3043.009722899158
2025-09-20 16:15:00+00:00,86,1305,374.5352766906109,451.1561185475927,536.7011698635444,778.8996853395453,922.8247929888838,1073.6494823055798,1299.513736527822,1395.3164318118268,1672.0469182896286,1891.430757141574,2239.2309377220454,2879.4734124889965,3177.9113853274916,3340.403099466738,4165.169331739578,4389.31914513156,5156.86372219336,5738.077696203529,6361.361909422976,8179.862736016947,2135.7932430613587
2025-09-20 16:30:00+00:00,87,1320,58.183828161333984,271.011163366916,414.57965850980827,497.63030957113426,638.7086626736249,778.3526762993099,940.6621052153673,1044.4837035424866,1216.32071857821,1487.2602052593095,1693.5479907703527,1941.5298484576135,2422.283181409384,2755.193183587676,2884.530819066163,3553.691851759033,3798.383222599199,4721.121192188571,5579.869399518991,6780.210258022559,1630.976400905076
2025-09-20 16:45:00+00:00,88,1335,8.54442469376024,31.08449906871441,118.40053328733794,170.22246309006218,239.73484418135368,310.76004554611916,385.19310131859953,512.6524303259072,573.0522190429981,698.4472364936103,889.4069136782804,1021.0288002880993,1152.0552562246924,1278.57895373498,1889.9062152129293,2138.2678460809575,2561.175940379986,2882.604517113277,4049.924695664148,5406.857385340438,935.9939206043831
2025-09-20 17:00:00+00:00,89,1350,14.27577170965983,45.462674117735766,63.861495362371365,109.10771882581852,145.72957760124035,191.15316851802837,255.67467432645765,302.86009750789947,377.09868257424796,450.94306884563974,504.94272291560105,567.1834932588665,640.2521849500513,806.4334146583323,956.3955406993966,1148.8017027821975,1526.3624570749084,1729.6924121107265,2993.7157720937234,4036.3261977714737,596.4647267967116
2025-09-20 17:15:00+00:00,90,1365,1.272910200492844,8.660359636090586,30.78574485211887,55.090552066442065,81.38275460579646,133.78840774321938,151.91943193777843,188.3825027745926,252.7396722776698,275.271767935876,313.243038533699,377.1385716362051,419.6993032043926,534.6863611391085,658.3948612317698,760.2058893329556,1012.4415693087155,1420.8954220505095,1910.3575304685871,2722.1160958853534,400.74196665793886
2025-09-20 17:30:00+00:00,91,1380,,0.0,1.1690052590192979,3.2545483014588097,10.479296801198773,22.337344467768638,49.963379295262705,63.19077460840217,103.468516519255,122.71126540280044,151.33227485616192,187.55259470819306,213.47219295254976,274.5081254556977,341.7425018660069,410.29202746476534,644.5450188373156,760.2372368265576,846.4884268577746,1537.6998484227363,201.46446517851288
2025-09-20 17:45:00+00:00,92,1395,,,,0.0,0.0,0.0,0.17202109701629514,2.0609851477219947,6.90577295608796,13.998023606834304,26.976163789615796,41.825521608238155,63.27383303165474,101.32288727612469,143.31784654256842,183.9497160672116,198.98479820795134,235.31954637245212,291.9115271620135,604.0061691166098,61.05693090966905
2025-09-20 18:00:00+00:00,93,1410,,,,,0.0,0.0,0.0,0.0,0.0,0.0,0.31030222964160675,1.8565939305994674,4.45891296235477,7.569436319128073,16.156056166089073,27.943978371891404,30.544171112660678,37.8253291539447,45.32571437240216,86.70659850714931,6.930074596538922
2025-09-20 18:15:00+00:00,94,1425,,,,,,,,,,,,,,,,,,,,,
2025-09-20 18:30:00+00:00,95,1440,,,,,,,,,,,,,,,,,,,,,
2025-09-20 18:45:00+00:00,96,1455,,,,,,,,,,,,,,,,,,,,,
2025-09-20 19:00:00+00:00,97,1470,,,,,,,,,,,,,,,,,,,,,
2025-09-20 19:15:00+00:00,98,1485,,,,,,,,,,,,,,,,,,,,,
2025-09-20 19:30:00+00:00,99,1500,,,,,,,,,,,,,,,,,,,,,
2025-09-20 19:45:00+00:00,100,1515,,,,,,,,,,,,,,,,,,,,,
2025-09-20 20:00:00+00:00,101,1530,,,,,,,,,,,,,,,,,,,,,
2025-09-20 20:15:00+00:00,102,1545,,,,,,,,,,,,,,,,,,,,,
2025-09-20 20:30:00+00:00,103,1560,,,,,,,,,,,,,,,,,,,,,
2025-09-20 20:45:00+00:00,104,1575,,,,,,,,,,,,,,,,,,,,,
2025-09-20 21:00:00+00:00,105,1590,,,,,,,,,,,,,,,,,,,,,
2025-09-20 21:15:00+00:00,106,1605,,,,,,,,,,,,,,,,,,,,,
2025-09-20 21:30:00+00:00,107,1620,,,,,,,,,,,,,,,,,,,,,
2025-09-20 21:45:00+00:00,108,1635,,,,,,,,,,,,,,,,,,,,,
2025-09-20 22:00:00+00:00,109,1650,,,,,,,,,,,,,,,,,,,,,
2025-09-20 22:15:00+00:00,110,1665,,,,,,,,,,,,,,,,,,,,,
2025-09-20 22:30:00+00:00,111,1680,,,,,,,,,,,,,,,,,,,,,
2025-09-20 22:45:00+00:00,112,1695,,,,,,,,,,,,,,,,,,,,,
2025-09-20 23:00:00+00:00,113,1710,,,,,,,,,,,,,,,,,,,,,
2025-09-20 23:15:00+00:00,114,1725,,,,,,,,,,,,,,,,,,,,,
2025-09-20 23:30:00+00:00,115,1740,,,,,,,,,,,,,,,,,,,,,
2025-09-20 23:45:00+00:00,116,1755,,,,,,,,,,,,,,,,,,,,,
2025-09-21 00:00:00+00:00,117,1770,,,,,,,,,,,,,,,,,,,,,
2025-09-21 00:15:00+00:00,118,1785,,,,,,,,,,,,,,,,,,,,,
2025-09-21 00:30:00+00:00,119,1800,,,,,,,,,,,,,,,,,,,,,
2025-09-21 00:45:00+00:00,120,1815,,,,,,,,,,,,,,,,,,,,,
2025-09-21 01:00:00+00:00,121,1830,,,,,,,,,,,,,,,,,,,,,
2025-09-21 01:15:00+00:00,122,1845,,,,,,,,,,,,,,,,,,,,,
2025-09-21 01:30:00+00:00,123,1860,,,,,,,,,,,,,,,,,,,,,
2025-09-21 01:45:00+00:00,124,1875,,,,,,,,,,,,,,,,,,,,,
2025-09-21 02:00:00+00:00,125,1890,,,,,,,,,,,,,,,,,,,,,
2025-09-21 02:15:00+00:00,126,1905,,,,,,,,,,,,,,,,,,,,,
2025-09-21 02:30:00+00:00,127,1920,,,,,,,,,,,,,,,,,,,,,
2025-09-21 02:45:00+00:00,128,1935,,,,,,,,,,,,,,,,,,,,,
2025-09-21 03:00:00+00:00,129,1950,,,,,,,,,,,,,,,,,,,,,
2025-09-21 03:15:00+00:00,130,1965,,,,,,,,,,,,,,,,,,,,,
2025-09-21 03:30:00+00:00,131,1980,,,,,,,,,,,,,,,,,,,,,
2025-09-21 03:45:00+00:00,132,1995,,,,,,,,,,,,,,,,,,,,,
2025-09-21 04:00:00+00:00,133,2010,,,,,,,,,,,,,,,,,,,,,
2025-09-21 04:15:00+00:00,134,2025,,,,,,,,,,,,,,,,,,,,,
2025-09-21 04:30:00+00:00,135,2040,,,,,,,,,,,,,,,,,,,,,
2025-09-21 04:45:00+00:00,136,2055,,,,,,,,,,,,,,,,,,,,,
2025-09-21 05:00:00+00:00,137,2070,,,,,,,,,,,,,,,,,,,,,
2025-09-21 05:15:00+00:00,138,2085,,,,,,,,,,,,,,,,,,,,,
2025-09-21 05:30:00+00:00,139,2100,,,,,,,,,,,,,,,,,,,,,
2025-09-21 05:45:00+00:00,140,2115,,,,,,,,,,,,,,,,,,,,,
2025-09-21 06:00:00+00:00,141,2130,,,,,,,,,,,,,,,,,,,,,
2025-09-21 06:15:00+00:00,142,2145,3.692111196105476,5.917928925155606,7.697681344180901,9.343848126142092,12.40683264027302,15.75828742326223,19.19708576630524,23.05565314317554,27.415561755728962,33.513333994158934,37.47008922060503,42.56491184482414,49.79635505327857,56.951025605170855,67.28028536803058,80.0974577395839,88.1394421024224,117.55076456484146,158.2908659841213,228.8364924930679,47.148269723474364
2025-09-21 06:30:00+00:00,143,2160,5.423168174268335,14.114717752841988,21.22092433277285,28.23454849949651,39.26372417844408,51.191320294947374,61.965757935204664,72.54701304578217,90.27849053472137,110.12826089516261,120.27652353052122,140.6438638006006,161.64468487963595,189.86652077862271,238.29687482337528,267.13676685066565,320.04842159434173,423.77018902988567,586.8614344093376,1023.4945155292381,154.4053779969285
2025-09-21 06:45:00+00:00,144,2175,5.670421122033937,19.440073708182847,32.62046584378614,53.584218973122795,71.82166429873044,91.97214171877988,114.14865648269853,137.23130403436699,171.9565415722569,198.9568993490632,217.8025599820376,260.5983558343899,308.48865731399013,358.4353184657753,446.7484034261528,511.2040236163402,614.5382832643206,878.265698295936,1353.9270845166443,2074.5289283297966,294.1907836985191
2025-09-21 07:00:00+00:00,145,2190,9.788758839401222,32.41934352938778,51.09448520942631,76.2708696461093,109.71816328984241,143.00366908887452,173.0413990797817,203.92152605522577,247.79287625792162,300.24018234709456,326.9253050566214,376.6099210285035,441.1145795987072,531.602146174559,624.1396994086355,758.7255818600333,848.4299708810371,1296.9786652840264,1930.7453007428287,3385.485359089387,429.83840697152453
2025-09-21 07:15:00+00:00,146,2205,17.918079588298745,53.71744024368654,83.47352969334648,104.56244846821554,141.1916088464706,183.6323815696608,229.61249037181372,276.4434227136318,339.56723714526845,406.91432424969304,453.7707458198259,493.2548870972547,578.0526666110151,678.4161598462933,847.3328792755457,1044.171168164055,1169.9845892645571,1818.9174582090175,2709.9014021512116,4780.899649990417,562.8253854488354
2025-09-21 07:30:00+00:00,147,2220,29.28598458602801,69.24658462197625,106.64400971981112,135.24962195709458,171.31982412296213,220.85916804828855,280.8536818608681,326.0902386471002,391.69960174764503,445.5667860905098,531.8722132540644,586.2781349164009,635.1494799840624,754.7211277386723,972.0199183946864,1235.482328131714,1494.5929349637174,2330.5818167689986,3494.3450366481125,6223.114854364665,682.6755135188928
2025-09-21 07:45:00+00:00,148,2235,35.8483972540233,80.29690871255191,135.37505071266378,188.41638487157036,253.88170689272278,327.7509900969914,382.4099931473338,456.04828843366454,529.426635724131,627.5813588114629,696.6048669436627,745.8771709296936,933.0902351408198,1083.235252271767,1350.3751219744177,1703.2900310183006,2079.4452552955195,2935.0570608751714,4265.548303887259,7659.690998374942,892.7971146621456
2025-09-21 08:00:00+00:00,149,2250,38.30538069704493,112.56259571461379,171.9319811644629,258.8253704532208,338.83259837367194,433.7700501666135,515.1004859940226,607.1632283609431,696.8116391383476,777.6012179717114,840.7786913646574,969.6280011790833,1154.0397076947747,1381.9836057300738,1726.2856990518867,2040.7039639754034,2464.0703656709065,3492.0160092264546,5076.323442068333,9103.293920239712,1099.858300135648
2025-09-21 08:15:00+00:00,150,2265,55.73840185830574,137.66507362953692,235.30220644443864,337.73742752002767,439.8817491755944,527.4645043279708,618.2848984365066,719.229661979827,802.9372741823098,877.5228906343623,939.6264889236351,1108.6659147219664,1326.4383088011014,1541.0017657635365,1889.8251898209037,2234.5730919000166,2728.3310460556622,3853.0957062290336,5318.86524045379,10470.646326577644,1217.3138065477465
2025-09-21 08:30:00+00:00,151,2280,31.675273173989137,159.03309012909477,252.56722964513813,424.9372927400112,503.64497207597486,624.1304441086401,714.3506566127724,797.0788003494597,889.1490558522431,963.3976841489401,1104.6691170716742,1365.5649602947244,1593.5685601611337,1845.8335939378073,2208.07241873911,2549.005880760912,3072.2110463924178,4365.876837827009,6359.579952214544,11790.316817864204,1462.6157189058338
2025-09-21 08:45:00+00:00,152,2295,88.37879848841965,294.4681134065578,433.7805224004371,515.5626255741435,643.4624190378987,734.5455540731444,818.8767306387513,907.5290868454841,988.3740219353998,1226.351968238412,1428.7193264139412,1627.9304299561145,1908.8891191801229,2184.7589437338856,2543.4049471994076,3023.825160402461,4475.793776703861,5367.9800406064,7335.149158852115,12681.75505554696,1725.2576150416044
2025-09-21 09:00:00+00:00,153,2310,113.80232323482171,327.5494516173722,511.68523756238153,622.3480890496133,728.4813657457994,830.5487131353128,938.8374559672458,1022.6803334709042,1162.8957026654323,1353.7572864779913,1666.5105716078117,1924.893585663852,2276.254482617845,2594.5728164169464,2877.580459398421,3321.323831138127,4797.303787117685,6114.795420775226,7956.581325507265,12691.75421144843,1912.073834317068
2025-09-21 09:15:00+00:00,154,2325,165.6722899229193,422.161427292849,620.4134852657497,734.2514144554341,848.7221343296824,998.6170546127644,1104.1220692934378,1207.303718782077,1361.9886324247625,1635.5445507548388,1888.0480116875947,2213.9175473436285,2569.9936268139136,3006.32974149457,3519.153543815829,4770.9456641955885,5705.953030746617,7465.018123998556,9022.29221602006,12661.375845550167,2275.8270239821227
2025-09-21 09:30:00+00:00,155,2340,162.70329261156726,471.51026776710853,734.6912860416184,864.6765922385341,1025.8427644978435,1164.1805903939257,1288.9498668344402,1429.797557930107,1568.6326728581366,2039.9760344664192,2284.457805461479,2716.6727115741555,3171.5388269769583,3570.3450013416473,4427.206279211549,5568.905887062624,6796.599303641604,8206.620868971588,10320.444364481875,12567.449321157035,2693.0378000220076
2025-09-21 09:45:00+00:00,156,2355,144.35750996227503,471.70759549808224,755.1484624879378,910.8202440375726,1066.422665637614,1234.2272864065205,1413.0909798801292,1540.4240788043805,1730.343406066833,2177.282923273514,2428.208639972495,2958.0443773294514,3321.2652179861743,3721.391170403817,4489.785307962908,5681.847211664951,6930.383723027826,8355.311902085561,10546.476039972147,12455.95756639464,2864.0459443712966
2025-09-21 10:00:00+00:00,157,2370,252.36223149699237,600.9345145016409,880.6167990464174,1047.7623502819638,1226.0277964883778,1432.9308102525638,1571.7000538279806,1771.5142821700306,2040.7259325531577,2373.772667529886,2779.416032251059,3225.3820057570006,3637.0899908883566,4029.29129260713,4749.306259989205,5985.118030174705,7156.501792634103,8477.667629149437,10524.940026782819,12271.460142214764,3137.367691011094
2025-09-21 10:15:00+00:00,158,2385,268.02415408145845,638.7828879488701,906.327682153279,1094.2235284126452,1300.3771062752603,1464.7941533354854,1600.0753839431866,1809.5196085034936,2125.0679256105423,2468.535268401017,2865.286210470618,3361.709469456067,3846.591048517941,4483.0063708110865,5039.73940919814,6049.939211739731,7051.887701218073,8334.557077742309,10246.842021789067,12072.800986758839,3278.096377344871
2025-09-21 10:30:00+00:00,159,2400,353.13561320375646,806.6620903657654,989.3180538812132,1218.8865280927803,1393.9928860450138,1567.5490554368607,1720.3341445171939,1944.0545714130253,2470.68372326922,2709.5905640763494,3230.3942949890175,3680.88624194279,4063.7408378657447,4612.009894180394,5109.898875768091,6088.1414909414025,6958.456467512672,8362.238013974338,10197.84532407736,11840.731162900547,3479.4425213035333
2025-09-21 10:45:00+00:00,160,2415,480.7138765078186,868.3321133706633,1139.1560491850457,1322.8122623719948,1550.5232713110772,1756.2816307714766,1969.9355426677187,2271.6246265068967,2660.0642033509757,2995.4119573469325,3619.31515184997,4070.478026133745,4388.345593338913,4933.070059197433,5735.682419113156,6562.887164868242,7340.342101082703,8607.906658381891,10142.70499471062,11615.557282912503,3768.5994595729603
2025-09-21 11:00:00+00:00,161,2430,544.0575873119004,930.2934600995003,1195.8349184232577,1378.1844144636027,1602.241698662542,1835.7620478200954,2167.050909962447,2446.203180322274,2804.834676243038,3206.524328121329,3747.9041310217535,4208.75714479108,4557.958509795519,5158.311784337036,5771.454357913507,6572.520231417984,7264.3385004811225,8777.43340923667,10248.163600316995,11441.00361710915,3929.4072317401947
2025-09-21 11:15:00+00:00,162,2445,557.5023182927841,988.2757555970907,1244.6638629747843,1456.724768617209,1711.392532982018,1915.5867513373228,2242.058253835658,2554.88052851178,2933.5045731340097,3294.764334614225,3873.3470053770584,4378.602680813441,4789.526390088646,5298.9410209317875,5828.845490359581,6668.190193543074,7383.973411213281,8729.52847170506,10140.075820072747,11280.262858206917,4059.6763815302
2025-09-21 11:30:00+00:00,163,2460,589.29320273617,1100.0378560601116,1390.932416599573,1605.6144042054084,1846.583339055756,2133.1320129079445,2462.6368543818157,2936.103011297413,3261.986123117255,3814.7763925185145,4129.587686899706,4514.853813624017,4937.743068940918,5400.665868166992,5903.870609674863,6722.020766508904,7757.21872092162,8889.568938931143,10083.70807198197,11164.822121138492,4278.148178601857
2025-09-21 11:45:00+00:00,164,2475,796.4713634295517,1233.7514761478308,1467.7773889143648,1698.392997755098,1946.9494113151393,2262.0174047959977,2646.471411506858,3088.6369623702817,3448.888821449293,3932.8738225269417,4266.529877906251,4703.241148577922,5057.572527322453,5513.830989252165,6041.36677479827,6774.283233562458,7630.595520540486,8476.162450295433,9850.03927126564,11149.452614310747,4380.634313829244
2025-09-21 12:00:00+00:00,165,2490,805.0729865600019,1167.8068037455932,1409.226030126909,1754.3455740920188,2194.618916573603,2588.891784346626,3052.164345216619,3531.2512957391345,3917.6608993552263,4215.535097871958,4549.593733633565,4941.8770115168945,5286.808408549219,5737.524353781728,6294.420754137939,6872.830425382618,7870.9033428371795,8772.515536536202,10049.727951388079,11185.477288051961,4670.368304123174
2025-09-21 12:15:00+00:00,166,2505,483.0632430671107,997.5760237108454,1433.4943074369432,1826.2965540345563,2071.5865743583286,2474.5073144952817,2775.602802387978,3277.4960780850124,3585.2026378330265,4109.4839767288495,4493.959914285012,4774.875261970389,5193.220178676751,5758.0956667978035,6887.555913458284,7902.910819558754,9464.151863146584,10590.021186195636,11270.27467682595,11277.696178915348,4878.609045681587
2025-09-21 12:30:00+00:00,167,2520,725.0163416194721,1386.3721772442027,1571.9848633241832,1934.5332676450655,2127.0319356795585,2466.2943247652615,2758.8258657856204,3222.4094677489647,3722.754055311285,4394.302403946906,4844.312774358438,5088.301467307998,5614.596622980348,6968.495272917516,8048.66856520385,9110.362725113982,10342.800966606488,11085.918742418049,11431.318464344433,11352.359102160364,5222.156748298285
2025-09-21 12:45:00+00:00,168,2535,520.636466707934,1115.5831331253924,1312.5992238266026,1578.9149108076806,1880.7814621194652,2088.6378294713318,2694.222745003456,3195.9642180749643,3936.183997837056,4413.083105235788,4809.779232876819,5086.927421904101,5860.03782290966,6969.346972627313,8185.520718921803,9685.962434756379,10612.30492455638,11157.295368726727,11547.405293307324,11442.392334169781,5214.926576157405
2025-09-21 13:00:00+00:00,169,2550,109.38959574095982,752.2479099226549,1132.421443399034,1444.9041620689366,1813.7401812628766,2011.6979120259073,2486.5106278193334,3051.8464613680726,3592.240695219984,4420.27190274459,4855.194796545348,5442.385006922832,5815.127895063868,7057.774733898253,8005.30247855671,10060.99783088615,10966.92730600696,11467.273229244933,11835.941971884899,11660.905885168972,5135.852598882782
2025-09-21 13:15:00+00:00,170,2565,113.32305037858033,647.7187042534084,1044.4939561926476,1313.5413657695447,1720.0260231135196,1925.3135318276748,2361.5923127559145,2936.51076098707,3496.706800349548,3977.967913074432,4438.768193988195,4900.800795582918,5467.126026346682,6856.607748892074,7622.627477637977,8808.420288993857,10404.449860302351,11340.77129500088,11802.101193049959,11805.167499042389,4769.777250581206
2025-09-21 13:30:00+00:00,171,2580,236.99601179293205,799.9492772558566,1177.743484970044,1471.4521896624187,1763.2482171955585,1945.1894858751798,2281.5963862505414,2553.0264689108144,3051.9900174785566,3454.5754166629717,3980.5527601697013,4696.1794411301735,5403.104124000963,5919.8920919383045,7237.677582674623,8411.792718815344,10321.775333884802,11685.899986281016,12136.214195484468,12076.185540162149,4576.9774269207865
2025-09-21 13:45:00+00:00,172,2595,222.4489628535466,685.7305103913702,1078.0147419506648,1262.9772671696337,1633.368243067053,1820.8855106152412,2136.3690405333655,2525.1762099807183,3066.7330374534404,3518.8856871405087,3927.1325775784085,4586.157447780523,5286.210327169571,5759.190569984845,7257.225083569415,8773.267102143278,10576.381762540563,11952.317791487023,12309.01324908081,12234.104417990542,4485.976398630333
2025-09-21 14:00:00+00:00,173,2610,984.6206727221077,1346.9322316588498,1670.4040743246212,1847.5916011789147,2082.8464209389817,2286.724730285838,2894.6390447185145,3350.569512065166,3780.247437315108,4426.575157417097,4704.873987813645,5209.900183878623,5839.769491491225,7108.389623242879,8300.128787067353,9703.242565280172,10947.796342154224,12362.616164302812,12796.199438950858,12350.102871568486,5151.7046724473985
2025-09-21 14:15:00+00:00,174,2625,503.3465780362636,1053.1626736299957,1401.4262627330825,1625.2160073389257,1750.0789579587222,2075.0018853908978,2380.346247298369,2861.303986279574,3335.366797307516,3631.895691066968,4282.01274004593,4820.95450180197,5575.78767695518,7029.218457810011,8468.78313067131,9807.941385230006,11636.367413847443,12518.547229933232,12910.106563922156,12497.31370092317,4830.874561945548
2025-09-21 14:30:00+00:00,175,2640,536.3214840806744,1001.4118358244316,1323.6210547595122,1554.9319972104443,1730.5152048437374,1974.086291185864,2446.368243602337,2775.471895797839,3235.6360036171336,3489.958607927761,4104.1043927539795,4825.650236452568,5386.841708071111,6619.088080666943,7715.66251639823,9230.688587827071,10750.99551109059,12158.03658555919,12824.665546444394,12734.02084619949,4591.62465095833
2025-09-21 14:45:00+00:00,176,2655,495.0772333171066,901.1630976687193,1188.646899931045,1382.447977595988,1545.9754265095623,1800.9444300561936,2189.968949199399,2485.050511398873,2936.4008677714237,3208.3454682567226,3498.376167898006,4338.036442864291,5068.67122213542,6436.2987039308955,7454.985323921405,9070.758770415874,10505.149881044557,11345.934557499477,12885.227416590402,12798.274450012561,4274.655175024597
2025-09-21 15:00:00+00:00,177,2670,416.71339273413406,658.869303460019,906.1116863269372,1121.0834739539162,1302.1188052143257,1429.675625895127,1649.1701426793989,2093.1514379014216,2452.0624821908677,2894.1750567318218,3192.536920067503,3912.8244733216798,4648.459533334913,6177.110692024823,7225.40062018775,9066.048114212821,10528.215516780918,12212.337195304539,12903.888112388699,12790.865073287625,3921.1236973305045
2025-09-21 15:15:00+00:00,178,2685,315.2047777208272,519.0655942713503,760.239445911475,963.4456765465147,1125.7892081152995,1243.2352220165867,1397.8809403044322,1691.0798042517795,2089.4651819360483,2409.149731735203,2822.514590799783,3132.8835145161065,3916.6204609534825,4686.216692382193,6235.262100790842,8204.658938585459,9487.138401870941,11141.928800221536,12901.487171040257,12734.517815081832,3097.0016678930533
2025-09-21 15:30:00+00:00,179,2700,308.926342314046,495.3236466462422,684.3828532671286,896.7456132467061,1049.2513914287847,1222.4356408749265,1363.8060489793659,1671.927282914297,1949.7024849171446,2424.661762189889,2729.404550785091,2992.5873054310186,3890.764949768199,4475.36906809832,5770.893746816071,6842.690373245237,8449.57313544105,9832.618823952986,11911.156481902386,11806.769197175787,2883.6978900779895
2025-09-21 15:45:00+00:00,180,2715,251.53631474424213,410.87525924097594,591.3832084280364,813.5641121691446,931.1298086333651,1070.939089182074,1217.7981145799858,1469.4941927736472,1733.2192789050819,1992.1303529000686,2352.2815145022523,2551.1345431733334,2847.074454902351,3709.7790937368954,4534.25919765198,5857.695977881917,7264.187026327623,8579.191577431171,10552.700839935022,10578.483673254936,2509.8731605711287
2025-09-21 16:00:00+00:00,181,2730,184.62461495431538,388.31943545327584,534.3667938378796,779.1029209878639,902.9604524134492,1003.5790152311824,1109.9892579962036,1367.276037550604,1611.0698242479411,1897.526406620311,2177.8101396948487,2320.618974642373,2516.9117267243782,3240.904988532891,4049.273753660844,4878.123809510017,6353.592257428198,7516.4844908019895,9385.376794537502,9337.768779495304,2253.541257085252
2025-09-21 16:15:00+00:00,182,2745,184.17837589107856,408.0688756657525,594.5396884460484,761.4310240356933,862.3965032281579,979.540760408074,1118.9168659900529,1350.4675463369879,1520.5886362370102,1837.7192022742838,1993.8858435248326,2181.733511418272,2721.178751876093,3131.862898457741,3946.6830350283153,4819.20631118864,5739.280276146463,6792.092080112295,8327.819799206534,7993.470178006176,2152.7271677979343
2025-09-21 16:30:00+00:00,183,2760,171.10900355188076,353.6646032841803,532.675260768715,640.282177330132,736.546746762213,808.7833873213826,905.4568732209096,1047.5849505566337,1204.769829813743,1389.1600469481195,1631.2333730286327,1780.617399849551,1961.7800193101282,2381.9033918907917,3006.4155877422486,3627.793553958498,4738.985841411883,5452.448406010638,6965.3246267365685,6597.303612497587,1742.382604154069
2025-09-21 16:45:00+00:00,184,2775,244.10970060454684,429.9126426224917,601.3674703825702,760.8766520814668,986.7697822794116,1111.620509742348,1290.494968319596,1404.5096711483227,1481.1719214428392,1759.281338595914,1985.883195600914,2368.90175719965,2980.405230440955,3755.5068413096374,4167.095312157887,4739.9011084410095,5387.008174595734,5569.911271552832,5886.21265403019,5226.139902327675,2127.2820330106924
2025-09-21 17:00:00+00:00,185,2790,193.3714311352146,305.31574289471223,410.28404397422656,516.7322468179672,619.8218423434618,781.4423807264733,888.3994316675632,1018.2246014033029,1099.7528631669943,1199.9719490597358,1433.0533228694721,1714.5203139941023,2288.7881116373374,2692.719368771987,3112.728160805034,3598.8077688806925,4013.5487364882165,4181.185905554327,4431.013298883169,3863.5227474654102,1549.045499303601
2025-09-21 17:15:00+00:00,186,2805,180.5164646931092,257.61590726491266,348.0346575199489,393.1078789300452,448.36328670595543,527.9114865616691,585.6931425421682,695.3626065339961,767.9250300475892,793.3261089555702,928.3582362585712,1152.0800545446164,1567.5832442614687,1842.6518345772527,2111.5232532491123,2399.064354378637,2770.9906804268444,2883.019596624941,3302.457234361774,2565.8658345025206,1077.6282859107237
2025-09-21 17:30:00+00:00,187,2820,85.85378290087903,148.37316983185156,185.77054871647618,228.33642222082756,271.1913155392311,299.6899189791049,335.83774784853904,381.4156996593593,422.0672502088827,457.03967209835184,543.7800765127831,661.6117075147839,897.2038871893052,1103.6674153778758,1344.0862651218004,1499.3616800102034,1565.5751502488754,1638.959156689539,1770.1867673314505,1410.2770404669718,617.08891158953
2025-09-21 17:45:00+00:00,188,2835,34.74129230188023,64.94764301489067,82.05161076692201,94.90905016180407,108.31935583643279,124.33946932195647,140.17878384415667,153.09376959491863,162.70005482127362,169.57187763034315,179.99648455794562,189.70038648453206,222.87816104054997,301.93965047427616,441.4670390754387,513.6184125534908,559.646709838956,585.8946897622601,641.1263757299038,494.75640041566714,224.3059367237669
2025-09-21 18:00:00+00:00,189,2850,2.9279661516820057,6.176520375310035,8.734069446177742,10.551896209414732,12.221798363415784,14.276599813727934,15.983857394649593,17.757674219604475,19.49252275008428,20.647485105287398,21.9005123463421,22.80786477591194,25.51287568896904,31.217981091266005,47.57155601402624,58.30974094761024,63.58451104138624,65.64097161632843,70.44621669695164,59.46091018482555,27.352134941657212
2025-09-21 18:15:00+00:00,190,2865,,,,,,,,,,,,,,,,,,,,,
2025-09-21 18:30:00+00:00,191,2880,,,,,,,,,,,,,,,,,,,,,
